<?xml version="1.0" encoding="UTF-8"?>
<beans:beans xmlns="http://www.springframework.org/schema/mvc"
	xmlns:xsi="http://www.w3.org/2001/XMLSchema-instance"
	xmlns:beans="http://www.springframework.org/schema/beans"
	xmlns:context="http://www.springframework.org/schema/context"
	xsi:schemaLocation="http://www.springframework.org/schema/mvc https://www.springframework.org/schema/mvc/spring-mvc.xsd
		http://www.springframework.org/schema/beans https://www.springframework.org/schema/beans/spring-beans.xsd
		http://www.springframework.org/schema/context https://www.springframework.org/schema/context/spring-context.xsd">

	<!-- DispatcherServlet Context: defines this servlet's request-processing infrastructure -->
	
	<!-- Enables the Spring MVC @Controller programming model -->
	<annotation-driven />

	<!-- Handles HTTP GET requests for /resources/** by efficiently serving up static resources in the ${webappRoot}/resources directory -->
	<resources mapping="/resources/**" location="/resources/" />

	<!-- Resolves views selected for rendering by @Controllers to .jsp resources in the /WEB-INF/views directory -->
	<beans:bean class="org.springframework.web.servlet.view.InternalResourceViewResolver">
		<beans:property name="prefix" value="/WEB-INF/views/" />
		<beans:property name="suffix" value=".jsp" />
	</beans:bean>
	
	<context:component-scan base-package="org.sample.controller" />
	<beans xmlns="http://www.springframework.org/schema/beans"
       xmlns:xsi="http://www.w3.org/2001/XMLSchema-instance"
       xsi:schemaLocation="http://www.springframework.org/schema/beans
           http://www.springframework.org/schema/beans/spring-beans-4.3.xsd">
   
   <!-- 파일 업로드 설정을 위한 multipartResolver 빈 등록 -->
   <bean id="multipartResolver" class="org.springframework.web.multipart.commons.CommonsMultipartResolver">
       <!-- 최대 업로드 사이즈를 10MB로 설정 -->
       <property name="maxUploadSize" value="10485760" /> <!-- 10MB -->
       <!-- 기본 인코딩 설정 -->
       <property name="defaultEncoding" value="utf-8" />
       <!-- 파일 크기 초과 시 예외 발생 시 오류 메시지 설정 -->
       <property name="maxInMemorySize" value="4096" /> <!-- 메모리 내에서 처리할 수 있는 파일 크기 -->
   </bean>

</beans>
	
	
	
</beans:beans>
